tt3521164," Moana",spotify:track:3KzemxaWSSiYtnzOokd0Rs," https://m.media-amazon.com/images/M/MV5BMjI4MzU5NTExNF5BMl5BanBnXkFtZTgwNzY1MTEwMDI@._V1_SX300.jpg"
tt0111161," The Shawshank Redemption",spotify:track:5zMuzsE5kvd54FwraufeeK," https://m.media-amazon.com/images/M/MV5BNDE3ODcxYzMtY2YzZC00NmNlLWJiNDMtZDViZWM2MzIxZDYwXkEyXkFqcGdeQXVyNjAwNDUxODI@._V1_SX300.jpg"
tt0068646,"The Godfather",spotify:track:39zu6JGd6tvRNsqyK78RLk,"https://m.media-amazon.com/images/M/MV5BM2MyNjYxNmUtYTAwNi00MTYxLWJmNWYtYzZlODY3ZTk3OTFlXkEyXkFqcGdeQXVyNzkwMjQ5NzM@._V1_SX300.jpg"
tt0108052,"Schindler's List",spotify:track:42gZM6AQ9BDMaTyTmMDVlN,"https://m.media-amazon.com/images/M/MV5BNDE4OTMxMTctNmRhYy00NWE2LTg3YzItYTk3M2UwOTU5Njg4XkEyXkFqcGdeQXVyNjU0OTQ0OTY@._V1_SX300.jpg"
tt0167260,"The Lord of the Rings: The Return of the King",spotify:track:2l0xjJ6Fj72Bw4ReAJBrAo,"https://m.media-amazon.com/images/M/MV5BNzA5ZDNlZWMtM2NhNS00NDJjLTk4NDItYTRmY2EwMWZlMTY3XkEyXkFqcGdeQXVyNzkwMjQ5NzM@._V1_SX300.jpg"
tt0110912,"Pulp Fiction",spotify:track:7p6ZGUXjUe0ctAu5RNnghu,"https://m.media-amazon.com/images/M/MV5BNGNhMDIzZTUtNTBlZi00MTRlLWFjM2ItYzViMjE3YzI5MjljXkEyXkFqcGdeQXVyNzkwMjQ5NzM@._V1_SX300.jpg"
tt15239678,"Dune: Part Two",spotify:track:61HuEViZO5UtxAn6JJFXAp,"https://m.media-amazon.com/images/M/MV5BODdjMjM3NGQtZDA5OC00NGE4LWIyZDQtZjYwOGZlMTM5ZTQ1XkEyXkFqcGdeQXVyODE5NzE3OTE@._V1_SX300.jpg"
tt0060196,"The Good, the Bad and the Ugly",spotify:track:1JSIWsJfxOji0FrxFcxdCK,"https://m.media-amazon.com/images/M/MV5BNjJlYmNkZGItM2NhYy00MjlmLTk5NmQtNjg1NmM2ODU4OTMwXkEyXkFqcGdeQXVyMjUzOTY1NTc@._V1_SX300.jpg"
tt0109830,"Forrest Gump",spotify:track:655OjsI6LbHdo3565qEfbE,"https://m.media-amazon.com/images/M/MV5BNWIwODRlZTUtY2U3ZS00Yzg1LWJhNzYtMmZiYmEyNmU1NjMzXkEyXkFqcGdeQXVyMTQxNzMzNDI@._V1_SX300.jpg"
tt0080684,"Star Wars: Episode V - The Empire Strikes Back",spotify:track:7MF65AqDBaBfbPcs3he7SQ,"https://m.media-amazon.com/images/M/MV5BYmU1NDRjNDgtMzhiMi00NjZmLTg5NGItZDNiZjU5NTU4OTE0XkEyXkFqcGdeQXVyNzkwMjQ5NzM@._V1_SX300.jpg"
tt0133093,"The Matrix",spotify:track:2ffVdgR2RUHIaENDIrlVvG,"https://m.media-amazon.com/images/M/MV5BNzQzOTk3OTAtNDQ0Zi00ZTVkLWI0MTEtMDllZjNkYzNjNTc4L2ltYWdlXkEyXkFqcGdeQXVyNjU0OTQ0OTY@._V1_SX300.jpg"
tt0099685,"Goodfellas",spotify:track:7iltfpYyZzo5LloKr4X4Jh,"https://m.media-amazon.com/images/M/MV5BY2NkZjEzMDgtN2RjYy00YzM1LWI4ZmQtMjIwYjFjNmI3ZGEwXkEyXkFqcGdeQXVyNzkwMjQ5NzM@._V1_SX300.jpg"
tt0073486,"One Flew Over the Cuckoo's Nest",spotify:track:7zavnrafJmtBDf1Ihni0Sl,"https://m.media-amazon.com/images/M/MV5BZjA0OWVhOTAtYWQxNi00YzNhLWI4ZjYtNjFjZTEyYjJlNDVlL2ltYWdlL2ltYWdlXkEyXkFqcGdeQXVyMTQxNzMzNDI@._V1_SX300.jpg"
tt0816692,"Interstellar",spotify:track:7cPV1U8iamgwCLatx3ufYn,"https://m.media-amazon.com/images/M/MV5BZjdkOTU3MDktN2IxOS00OGEyLWFmMjktY2FiMmZkNWIyODZiXkEyXkFqcGdeQXVyMTMxODk2OTU@._V1_SX300.jpg"
tt0047478,"Seven Samurai",spotify:track:2Bmc4mCQOrqWZ19NVhBz60,"https://m.media-amazon.com/images/M/MV5BNTkwY2I5NWMtMjNlNi00ZThjLWI4NzQtNDI4M2I4OGM1YjAzXkEyXkFqcGdeQXVyNzYxODE3NTQ@._V1_SX300.jpg"
tt0102926,"The Silence of the Lambs",spotify:track:5fGk9UjkHggNZDwT0Yowl6,"https://m.media-amazon.com/images/M/MV5BNjNhZTk0ZmEtNjJhMi00YzFlLWE1MmEtYzM1M2ZmMGMwMTU4XkEyXkFqcGdeQXVyNjU0OTQ0OTY@._V1_SX300.jpg"
tt0120815,"Saving Private Ryan",spotify:track:71zPpqRMdkEUCl7cPQIBrV,"https://m.media-amazon.com/images/M/MV5BZjhkMDM4MWItZTVjOC00ZDRhLThmYTAtM2I5NzBmNmNlMzI1XkEyXkFqcGdeQXVyNDYyMDk5MTU@._V1_SX300.jpg"
tt0120689,"The Green Mile",spotify:track:0itndpPjxQrWj1mDENoKmG,"https://m.media-amazon.com/images/M/MV5BMTUxMzQyNjA5MF5BMl5BanBnXkFtZTYwOTU2NTY3._V1_SX300.jpg"
tt0088763,"Back to the Future",spotify:track:7ezOmiLaID0VzsptONp2CQ,"https://m.media-amazon.com/images/M/MV5BZmU0M2Y1OGUtZjIxNi00ZjBkLTg1MjgtOWIyNThiZWIwYjRiXkEyXkFqcGdeQXVyMTQxNzMzNDI@._V1_SX300.jpg"
tt0245429,"Spirited Away",spotify:track:3gFQOMoUwlR6aUZj81gCzu,"https://m.media-amazon.com/images/M/MV5BMjlmZmI5MDctNDE2YS00YWE0LWE5ZWItZDBhYWQ0NTcxNWRhXkEyXkFqcGdeQXVyMTMxODk2OTU@._V1_SX300.jpg"
tt0253474,"The Pianist",spotify:track:664fcA80WZzNL7uJWcCkLe,"https://m.media-amazon.com/images/M/MV5BOWRiZDIxZjktMTA1NC00MDQ2LWEzMjUtMTliZmY3NjQ3ODJiXkEyXkFqcGdeQXVyNjU0OTQ0OTY@._V1_SX300.jpg"
tt9362722,"Spider-Man: Across the Spider-Verse",spotify:track:39MK3d3fonIP8Mz9oHCTBB,"https://m.media-amazon.com/images/M/MV5BMzI0NmVkMjEtYmY4MS00ZDMxLTlkZmEtMzU4MDQxYTMzMjU2XkEyXkFqcGdeQXVyMzQ0MzA0NTM@._V1_SX300.jpg"
tt6751668,"Parasite",spotify:track:11KMQy878e4KUhb83110fa,"https://m.media-amazon.com/images/M/MV5BYWZjMjk3ZTItODQ2ZC00NTY5LWE0ZDYtZTI3MjcwN2Q5NTVkXkEyXkFqcGdeQXVyODk4OTc3MTY@._V1_SX300.jpg"
tt27503384,"Perfect Days",spotify:track:4TOMI010Sd4ZAX4aZ5TS85,"https://m.media-amazon.com/images/M/MV5BYjI2Njc4MGQtYzYwNC00MDQ1LTkyMzQtODY0NDk4NzZjNGMyXkEyXkFqcGdeQXVyMTM1NjM2ODg1._V1_SX300.jpg"
tt0172495,"Gladiator",spotify:track:1raWfcURBd1Q3W3K0ojDCM,"https://m.media-amazon.com/images/M/MV5BMDliMmNhNDEtODUyOS00MjNlLTgxODEtN2U3NzIxMGVkZTA1L2ltYWdlXkEyXkFqcGdeQXVyNjU0OTQ0OTY@._V1_SX300.jpg"
tt0110357,"The Lion King",spotify:track:0HU5JnVaKNTWf6GykV9Zn8,"https://m.media-amazon.com/images/M/MV5BYTYxNGMyZTYtMjE3MS00MzNjLWFjNmYtMDk3N2FmM2JiM2M1XkEyXkFqcGdeQXVyNjY5NDU4NzI@._V1_SX300.jpg"
tt2380307,"Coco",spotify:track:4ljlAxfaEjO4Q4g9FMtVj4,"https://m.media-amazon.com/images/M/MV5BYjQ5NjM0Y2YtNjZkNC00ZDhkLWJjMWItN2QyNzFkMDE3ZjAxXkEyXkFqcGdeQXVyODIxMzk5NjA@._V1_SX300.jpg"
tt0095327,"Grave of the Fireflies",spotify:track:146DIiA6oC3QrBmcIPn2M0,"https://m.media-amazon.com/images/M/MV5BZmY2NjUzNDQtNTgxNC00M2Q4LTljOWQtMjNjNDBjNWUxNmJlXkEyXkFqcGdeQXVyNTA4NzY1MzY@._V1_SX300.jpg"
tt0034583,"Casablanca",spotify:track:4uKO8BPzrtLeJWc6wyk8du,"https://m.media-amazon.com/images/M/MV5BY2IzZGY2YmEtYzljNS00NTM5LTgwMzUtMzM1NjQ4NGI0OTk0XkEyXkFqcGdeQXVyNDYyMDk5MTU@._V1_SX300.jpg"
tt1853728,"Django Unchained",spotify:track:47Zqlw3jmibtVPy8usPjBj,"https://m.media-amazon.com/images/M/MV5BMjIyNTQ5NjQ1OV5BMl5BanBnXkFtZTcwODg1MDU4OA@@._V1_SX300.jpg"
tt0910970,"WALL·E",spotify:track:5GAE12gkdsWnscaoXxCDdq,"https://m.media-amazon.com/images/M/MV5BMjExMTg5OTU0NF5BMl5BanBnXkFtZTcwMjMxMzMzMw@@._V1_SX300.jpg"
tt4154756,"Avengers: Infinity War",spotify:track:47RNEWiLkyxtMWG3seU9TD,"https://m.media-amazon.com/images/M/MV5BMjMxNjY2MDU1OV5BMl5BanBnXkFtZTgwNzY1MTUwNTM@._V1_SX300.jpg"
tt0081505,"The Shining",spotify:track:4WnuHIJTLrFkAQdpryLDe7,"https://m.media-amazon.com/images/M/MV5BZWFlYmY2MGEtZjVkYS00YzU4LTg0YjQtYzY1ZGE3NTA5NGQxXkEyXkFqcGdeQXVyMTQxNzMzNDI@._V1_SX300.jpg"
tt0032553,"The Great Dictator",spotify:track:7t5QnNRRFRK3lB2sGwD1SI,"https://m.media-amazon.com/images/M/MV5BMmExYWJjNTktNGUyZS00ODhmLTkxYzAtNWIzOGEyMGNiMmUwXkEyXkFqcGdeQXVyNjU0OTQ0OTY@._V1_SX300.jpg"
tt1345836,"The Dark Knight Rises",spotify:track:2uZg4Dg2zshOJTyKa22ixE,"https://m.media-amazon.com/images/M/MV5BMTk4ODQzNDY3Ml5BMl5BanBnXkFtZTcwODA0NTM4Nw@@._V1_SX300.jpg"
tt0364569,"Oldboy",spotify:track:24CqEEzOhREunzjyUWYtES,"https://m.media-amazon.com/images/M/MV5BMTI3NTQyMzU5M15BMl5BanBnXkFtZTcwMTM2MjgyMQ@@._V1_SX300.jpg"
tt0114709,"Toy Story",spotify:track:2stkLJ0JNcXkIRDNF3ld6c,"https://m.media-amazon.com/images/M/MV5BMDU2ZWJlMjktMTRhMy00ZTA5LWEzNDgtYmNmZTEwZTViZWJkXkEyXkFqcGdeQXVyNDQ2OTk4MzI@._V1_SX300.jpg"
tt0499549,"Avatar",spotify:track:1UBd7aWHZCz8yirI9KCvAU,"https://m.media-amazon.com/images/M/MV5BZDA0OGQxNTItMDZkMC00N2UyLTg3MzMtYTJmNjg3Nzk5MzRiXkEyXkFqcGdeQXVyMjUzOTY1NTc@._V1_SX300.jpg"
tt0417299,"Avatar: The Last Airbender",spotify:track:7gIoMBxRQPIDokN6T4QJZ5,"https://m.media-amazon.com/images/M/MV5BODc5YTBhMTItMjhkNi00ZTIxLWI0YjAtNTZmOTY0YjRlZGQ0XkEyXkFqcGdeQXVyODUwNjEzMzg@._V1_SX300.jpg"
tt0120855,"Tarzan",spotify:track:3T74kgnbHw8JqkYGJKD4Tl,"https://m.media-amazon.com/images/M/MV5BY2ZiYWUxN2ItYmQxZi00NDlkLWE2NDAtOTNmYTg1MDI0NDk1XkEyXkFqcGdeQXVyNjUwNzk3NDc@._V1_SX300.jpg"
tt0103639,"Aladdin",spotify:track:0CKmN3Wwk8W4zjU0pqq2cv,"https://m.media-amazon.com/images/M/MV5BZTg5ZTVmM2EtZjdhZC00MzBjLWEwZTYtNWIwZDczYzZkMzA4XkEyXkFqcGdeQXVyMTQxNzMzNDI@._V1_SX300.jpg"
tt0120762,"Mulan",spotify:track:28UMEtwyUUy5u0UWOVHwiI,"https://m.media-amazon.com/images/M/MV5BODkxNGQ1NWYtNzg0Ny00Yjg3LThmZTItMjE2YjhmZTQ0ODY5XkEyXkFqcGdeQXVyMTQxNzMzNDI@._V1_SX300.jpg"
tt0114148,"Pocahontas",spotify:track:1OYOLWqKmhkFIx2KC9ek1a,"https://m.media-amazon.com/images/M/MV5BMzc4YzhiN2ItY2Y4NC00YTA0LWEyMjEtNzllNTcxZDdjODhiXkEyXkFqcGdeQXVyNTUyMzE4Mzg@._V1_SX300.jpg"
tt0097757,"The Little Mermaid",spotify:track:09HBvmj0dUeQYHGbKJefR5,"https://m.media-amazon.com/images/M/MV5BOWUyNDA0ZmItMzg2My00YjJhLTk1N2QtYTAxYTc0NzMzNDI0XkEyXkFqcGdeQXVyMTI5NzUyMTIz._V1_SX300.jpg"
tt1661199,"Cinderella",spotify:track:0BNQdhKugKzoezQVkHB1TA,"https://m.media-amazon.com/images/M/MV5BMjMxODYyODEzN15BMl5BanBnXkFtZTgwMDk4OTU0MzE@._V1_SX300.jpg"
tt0112573,"Braveheart",spotify:track:0DJUgWMpu771OzzGdKWT0x,"https://m.media-amazon.com/images/M/MV5BMzkzMmU0YTYtOWM3My00YzBmLWI0YzctOGYyNTkwMWE5MTJkXkEyXkFqcGdeQXVyNzkwMjQ5NzM@._V1_SX300.jpg"
tt15398776,"Oppenheimer",spotify:track:4VnDmjYCZkyeqeb0NIKqdA,"https://m.media-amazon.com/images/M/MV5BMDBmYTZjNjUtN2M1MS00MTQ2LTk2ODgtNzc2M2QyZGE5NTVjXkEyXkFqcGdeQXVyNzAwMjU2MTY@._V1_SX300.jpg"
tt0087843,"Once Upon a Time in America",spotify:track:6YV6krKkLZFDE6IeE6g4eP,"https://m.media-amazon.com/images/M/MV5BMmQzZjdmZDAtOGE2Yy00MmUwLTljYzgtZTMwMjk3ZDdiOWUyXkEyXkFqcGdeQXVyNjc5NjEzNA@@._V1_SX300.jpg"
tt0180093,"Requiem for a Dream",spotify:track:1lycZ6BCUETp0NauGdZbsm,"https://m.media-amazon.com/images/M/MV5BOTdiNzJlOWUtNWMwNS00NmFlLWI0YTEtZmI3YjIzZWUyY2Y3XkEyXkFqcGdeQXVyNjU0OTQ0OTY@._V1_SX300.jpg"
tt0062622,"2001: A Space Odyssey",spotify:track:6IA8E2Q5ttcpbuahIejO74,"https://m.media-amazon.com/images/M/MV5BMmNlYzRiNDctZWNhMi00MzI4LThkZTctMTUzMmZkMmFmNThmXkEyXkFqcGdeQXVyNzkwMjQ5NzM@._V1_SX300.jpg"
tt0056172,"Lawrence of Arabia",spotify:track:4Uwig2nSvv0LvuZxOIiqyL,"https://m.media-amazon.com/images/M/MV5BYWY5ZjhjNGYtZmI2Ny00ODM0LWFkNzgtZmI1YzA2N2MxMzA0XkEyXkFqcGdeQXVyNjUwNzk3NDc@._V1_SX300.jpg"
tt1049413,"Up",spotify:track:7iocNjLrxPHLl8njgRlv5U,"https://m.media-amazon.com/images/M/MV5BYjBkM2RjMzItM2M3Ni00N2NjLWE3NzMtMGY4MzE4MDAzMTRiXkEyXkFqcGdeQXVyNDUzOTQ5MjY@._V1_SX300.jpg"
tt0056592,"To Kill a Mockingbird",spotify:track:6wJO3ILQIeguatvUTOVixs,"https://m.media-amazon.com/images/M/MV5BNmVmYzcwNzMtMWM1NS00MWIyLThlMDEtYzUwZDgzODE1NmE2XkEyXkFqcGdeQXVyNzkwMjQ5NzM@._V1_SX300.jpg"
tt0017136,"Metropolis",spotify:track:27jDw1s5eWCuMDuoqJimqg,"https://m.media-amazon.com/images/M/MV5BMTg5YWIyMWUtZDY5My00Zjc1LTljOTctYmI0MWRmY2M2NmRkXkEyXkFqcGdeQXVyMTMxODk2OTU@._V1_SX300.jpg"
tt1745960,"Top Gun: Maverick",spotify:track:74BfFG9qR85KXxN49esFVA,"https://m.media-amazon.com/images/M/MV5BZWYzOGEwNTgtNWU3NS00ZTQ0LWJkODUtMmVhMjIwMjA1ZmQwXkEyXkFqcGdeQXVyMjkwOTAyMDU@._V1_SX300.jpg"
tt0434409,"V for Vendetta",spotify:track:2UvEZgHM0UIw20NFwAm56s,"https://m.media-amazon.com/images/M/MV5BOTI5ODc3NzExNV5BMl5BanBnXkFtZTcwNzYxNzQzMw@@._V1_SX300.jpg"
tt4729430,"Klaus",spotify:track:5yYyAoNRMbUA4DLmrI8nTZ,"https://m.media-amazon.com/images/M/MV5BMWYwOThjM2ItZGYxNy00NTQwLWFlZWEtM2MzM2Q5MmY3NDU5XkEyXkFqcGdeQXVyMTkxNjUyNQ@@._V1_SX300.jpg"
tt2948356,"Zootopia",spotify:track:1N3dZ7TTWO6VcD4Y3hHYLZ,"https://m.media-amazon.com/images/M/MV5BOTMyMjEyNzIzMV5BMl5BanBnXkFtZTgwNzIyNjU0NzE@._V1_SX300.jpg"
tt0475293,"High School Musical",spotify:track:0cqNGWvuukhCiKvEX7utys,"https://m.media-amazon.com/images/M/MV5BZmQ3MWEyNTYtOTY1OC00MTljLWI3OGUtMmU1ZDc2OTYxNDQ4L2ltYWdlL2ltYWdlXkEyXkFqcGdeQXVyMTczNjQwOTY@._V1_SX300.jpg"
tt0198781,"Monsters Inc",spotify:track:5e0O7MjhNHq9G67qDFM8nR,"https://m.media-amazon.com/images/M/MV5BMTY1NTI0ODUyOF5BMl5BanBnXkFtZTgwNTEyNjQ0MDE@._V1_SX300.jpg"
tt0382932,"Ratatouille",spotify:track:0AGAl2fZLAoGxGd5dO77Cp,"https://m.media-amazon.com/images/M/MV5BMTMzODU0NTkxMF5BMl5BanBnXkFtZTcwMjQ4MzMzMw@@._V1_SX300.jpg"
tt0075148,"Rocky",spotify:track:7iXYRR70wewzVYzWScm99j,"https://m.media-amazon.com/images/M/MV5BNTBkMjg2MjYtYTZjOS00ODQ0LTg0MDEtM2FiNmJmOGU1NGEwXkEyXkFqcGdeQXVyMjUzOTY1NTc@._V1_SX300.jpg"
tt0070047,"The Exorcist",spotify:track:3ZzJMjqypHG6hn7SqtMUKc,"https://m.media-amazon.com/images/M/MV5BYWFlZGY2NDktY2ZjOS00ZWNkLTg0ZDAtZDY4MTM1ODU4ZjljXkEyXkFqcGdeQXVyMjUzOTY1NTc@._V1_SX300.jpg"
tt23849204,"12th Fail",spotify:track:46iYi5V4J3LRFBDP4jF9Fo,"https://m.media-amazon.com/images/M/MV5BOTJlY2U2ZmYtMzU3Ny00ZDI3LWEwMDYtOWIxNzdhZDI5ZWRkXkEyXkFqcGdeQXVyMTY3ODkyNDkz._V1_SX300.jpg"
tt0050083,"12 Angry Men",spotify:track:0daSnwOwiTZVNkbLIafekB,"https://m.media-amazon.com/images/M/MV5BMWU4N2FjNzYtNTVkNC00NzQ0LTg0MjAtYTJlMjFhNGUxZDFmXkEyXkFqcGdeQXVyNjc1NTYyMjg@._V1_SX300.jpg"
tt0137523,"Fight Club",spotify:track:4S118IKPxjvc9XZWXq3Wp5,"https://m.media-amazon.com/images/M/MV5BMmEzNTkxYjQtZTc0MC00YTVjLTg5ZTEtZWMwOWVlYzY0NWIwXkEyXkFqcGdeQXVyNzkwMjQ5NzM@._V1_SX300.jpg"
tt0159206,"Sex and the City",spotify:track:2wqmfNYxkxfw2KHRqkxTA1,"https://m.media-amazon.com/images/M/MV5BNGEyNDRjM2QtY2VlYy00OWRhLWI4N2UtZTM4NDc0MGM0YzBkXkEyXkFqcGdeQXVyNjk1Njg5NTA@._V1_SX300.jpg"
tt0103064,"Terminator 2: Judgment Day",spotify:track:2Q84nSfFAHtFNwZhAKH0Sa,"https://m.media-amazon.com/images/M/MV5BMGU2NzRmZjUtOGUxYS00ZjdjLWEwZWItY2NlM2JhNjkxNTFmXkEyXkFqcGdeQXVyNjU0OTQ0OTY@._V1_SX300.jpg"
tt0317248,"City of God",spotify:track:6UspWN8YJF0veSazYwf1H7,"https://m.media-amazon.com/images/M/MV5BMGU5OWEwZDItNmNkMC00NzZmLTk1YTctNzVhZTJjM2NlZTVmXkEyXkFqcGdeQXVyMTMxODk2OTU@._V1_SX300.jpg"
tt0078748,"Alien",spotify:track:4Rhue1CTPr3n1P3Zs0jPwU,"https://m.media-amazon.com/images/M/MV5BOGQzZTBjMjQtOTVmMS00NGE5LWEyYmMtOGQ1ZGZjNmRkYjFhXkEyXkFqcGdeQXVyMjUzOTY1NTc@._V1_SX300.jpg"
tt0407887,"The Departed",spotify:track:7rSERmjAT38lC5QhJ8hnQc,"https://m.media-amazon.com/images/M/MV5BMTI1MTY2OTIxNV5BMl5BanBnXkFtZTYwNjQ4NjY3._V1_SX300.jpg"
tt0482571,"The Prestige",spotify:track:74pLiZ50A70L4hBd1eLfhb,"https://m.media-amazon.com/images/M/MV5BMjA4NDI0MTIxNF5BMl5BanBnXkFtZTYwNTM0MzY2._V1_SX300.jpg"
tt2582802,"Whiplash",spotify:track:0v0oL77zDnGTdRwB2q6OIm,"https://m.media-amazon.com/images/M/MV5BOTA5NDZlZGUtMjAxOS00YTRkLTkwYmMtYWQ0NWEwZDZiNjEzXkEyXkFqcGdeQXVyMTMxODk2OTU@._V1_SX300.jpg"
tt0110413,"Léon: The Professional",spotify:track:6CKoWCWAqEVWVjpeoJXyNH,"https://m.media-amazon.com/images/M/MV5BOTgyMWQ0ZWUtN2Q2MS00NmY0LWI3OWMtNjFkMzZlNDZjNTk0XkEyXkFqcGdeQXVyMjUzOTY1NTc@._V1_SX300.jpg"
tt0114814,"The Usual Suspects",spotify:track:17014Wfs4U8H7OjC3DcoGQ,"https://m.media-amazon.com/images/M/MV5BYTViNjMyNmUtNDFkNC00ZDRlLThmMDUtZDU2YWE4NGI2ZjVmXkEyXkFqcGdeQXVyNjU0OTQ0OTY@._V1_SX300.jpg"
tt0054215,"Psycho",spotify:track:5L5fwo8nQjcFhSMTWpLOes,"https://m.media-amazon.com/images/M/MV5BNTQwNDM1YzItNDAxZC00NWY2LTk0M2UtNDIwNWI5OGUyNWUxXkEyXkFqcGdeQXVyNzkwMjQ5NzM@._V1_SX300.jpg"
tt1675434,"The Intouchables",spotify:track:3KUH1OyEzTNzz0ibw94A8E,"https://m.media-amazon.com/images/M/MV5BMTYxNDA3MDQwNl5BMl5BanBnXkFtZTcwNTU4Mzc1Nw@@._V1_SX300.jpg"
tt0064116,"Once Upon a Time in the West",spotify:track:0c89GbbUO3degznx9eYrq0,"https://m.media-amazon.com/images/M/MV5BODQ3NDExOGYtMzI3Mi00NWRlLTkwNjAtNjc4MDgzZGJiZTA1XkEyXkFqcGdeQXVyMjUzOTY1NTc@._V1_SX300.jpg"
tt0095765,"Cinema Paradiso",spotify:track:0FFOaRW0WTJgd12cKEKuaC,"https://m.media-amazon.com/images/M/MV5BM2FhYjEyYmYtMDI1Yy00YTdlLWI2NWQtYmEzNzAxOGY1NjY2XkEyXkFqcGdeQXVyNTA3NTIyNDg@._V1_SX300.jpg"
tt0027977,"Modern Times",spotify:track:3en1ac4AC2vQwBB8jMw3m6,"https://m.media-amazon.com/images/M/MV5BM2VlMjY3N2UtN2ZjNC00MDg4LWI3ZGQtZmE4NjZkZjkwZmYzXkEyXkFqcGdeQXVyMTU3NDU4MDg2._V1_SX300.jpg"
tt0361748,"Inglourious Basterds",spotify:track:50oQKoR2p1x8Am8d2fetkW,"https://m.media-amazon.com/images/M/MV5BOTJiNDEzOWYtMTVjOC00ZjlmLWE0NGMtZmE1OWVmZDQ2OWJhXkEyXkFqcGdeQXVyNTIzOTk5ODM@._V1_SX300.jpg"
tt4154796,"Avengers: Endgame",spotify:track:3Zm5EnpxvFw9r24QDStasd,"https://m.media-amazon.com/images/M/MV5BMTc5MDE2ODcwNV5BMl5BanBnXkFtZTgwMzI2NzQ2NzM@._V1_SX300.jpg"
tt7286456,"Joker",spotify:track:1UdiJ6Y2eisfQQ76MZOX4B,"https://m.media-amazon.com/images/M/MV5BNGVjNWI4ZGUtNzE0MS00YTJmLWE0ZDctN2ZiYTk2YmI3NTYyXkEyXkFqcGdeQXVyMTkxNjUyNQ@@._V1_SX300.jpg"
tt0209144,"Memento",spotify:track:0KN9a2ZrctO5Q8fYsguyJN,"https://m.media-amazon.com/images/M/MV5BZTcyNjk1MjgtOWI3Mi00YzQwLWI5MTktMzY4ZmI2NDAyNzYzXkEyXkFqcGdeQXVyNjU0OTQ0OTY@._V1_SX300.jpg"
tt0078788,"Apocalypse Now",spotify:track:5UgT7w6zVZjP3oyawMzbiK,"https://m.media-amazon.com/images/M/MV5BYmQyNTA1ZGItNjZjMi00NzFlLWEzMWEtNWMwN2Q2MjJhYzEyXkEyXkFqcGdeQXVyMjUzOTY1NTc@._V1_SX300.jpg"
tt0082971,"Raiders of the Lost Ark",spotify:track:4E9Kw8BD1qFUThQxUe94GI,"https://m.media-amazon.com/images/M/MV5BNTU2ODkyY2MtMjU1NC00NjE1LWEzYjgtMWQ3MzRhMTE0NDc0XkEyXkFqcGdeQXVyMjM4MzQ4OTQ@._V1_SX300.jpg"
tt4633694,"Spider-Man: Into the Spider-Verse",spotify:track:0RiRZpuVRbi7oqRdSMwhQY,"https://m.media-amazon.com/images/M/MV5BMjMwNDkxMTgzOF5BMl5BanBnXkFtZTgwNTkwNTQ3NjM@._V1_SX300.jpg"
tt0057012,"Dr. Strangelove",spotify:track:4oIhJOesHH4wgAYWexHIrU,"https://m.media-amazon.com/images/M/MV5BMWMxYjZkOWUtM2FjMi00MmI1LThkNzQtNTM5Y2E2ZGQ2NGFhXkEyXkFqcGdeQXVyMTA0MTM5NjI2._V1_SX300.jpg"
tt0086879,"Amadeus",spotify:track:30BM5cysrUvZYzu4oMRPhZ,"https://m.media-amazon.com/images/M/MV5BNWJlNzUzNGMtYTAwMS00ZjI2LWFmNWQtODcxNWUxODA5YmU1XkEyXkFqcGdeQXVyNTIzOTk5ODM@._V1_SX300.jpg"
tt5311514,"Your Name.",spotify:track:0b4a1iklB8w8gsE38nzyEx,"https://m.media-amazon.com/images/M/MV5BODRmZDVmNzUtZDA4ZC00NjhkLWI2M2UtN2M0ZDIzNDcxYThjL2ltYWdlXkEyXkFqcGdeQXVyNTk0MzMzODA@._V1_SX300.jpg"
tt0405094,"The Lives of Others",spotify:track:2QfufciNVnZQUPNpJCAIYZ,"https://m.media-amazon.com/images/M/MV5BNmQyNmJjM2ItNTQzYi00ZjMxLWFjMDYtZjUyN2YwZDk5YWQ2XkEyXkFqcGdeQXVyMjUzOTY1NTc@._V1_SX300.jpg"
tt8267604,"Capernaum",spotify:track:3HgsjgYhULp6OLrQ3uNSKJ,"https://m.media-amazon.com/images/M/MV5BMmExNzU2ZWMtYzUwYi00YmM2LTkxZTQtNmVhNjY0NTMyMWI2XkEyXkFqcGdeQXVyMTMxODk2OTU@._V1_SX300.jpg"
tt0082096,"The Boat",spotify:track:6hpXAF0MyqfRI5xGCGXnXZ,"https://m.media-amazon.com/images/M/MV5BNDBjMWUxNTUtNjZiNi00YzJhLTgzNzUtMTRiY2FkZmMzYTNjXkEyXkFqcGdeQXVyMTUzMDUzNTI3._V1_SX300.jpg"
tt0082096,"Sunset Blvd.",spotify:track:3wnjKdSJZDVyEwSfLtExPR,"https://m.media-amazon.com/images/M/MV5BNDBjMWUxNTUtNjZiNi00YzJhLTgzNzUtMTRiY2FkZmMzYTNjXkEyXkFqcGdeQXVyMTUzMDUzNTI3._V1_SX300.jpg"
tt1187043,"3 Idiots",spotify:track:4sZDyON3hp3bB9Y8uayqvT,"https://m.media-amazon.com/images/M/MV5BNTkyOGVjMGEtNmQzZi00NzFlLTlhOWQtODYyMDc2ZGJmYzFhXkEyXkFqcGdeQXVyNjU0OTQ0OTY@._V1_SX300.jpg"
tt0050825,"Paths of Glory",spotify:track:5CVesD8y6S9kVFTMJf5J3W,"https://m.media-amazon.com/images/M/MV5BOTI5Nzc0OTMtYzBkMS00NjkxLThmM2UtNjM2ODgxN2M5NjNkXkEyXkFqcGdeQXVyNjQ2MjQ5NzM@._V1_SX300.jpg"
tt0338013,"Eternal Sunshine of the Spotless Mind",spotify:track:4AQwwsz0ztRx4YKNb1GdBB,"https://m.media-amazon.com/images/M/MV5BMTY4NzcwODg3Nl5BMl5BanBnXkFtZTcwNTEwOTMyMw@@._V1_SX300.jpg"
tt0119217,"Good Will Hunting",spotify:track:5q1HXKqNg8SN6HTqlG0RR9,"https://m.media-amazon.com/images/M/MV5BOTI0MzcxMTYtZDVkMy00NjY1LTgyMTYtZmUxN2M3NmQ2NWJhXkEyXkFqcGdeQXVyMTQxNzMzNDI@._V1_SX300.jpg"
tt0169547,"American Beauty",spotify:track:6XJGpirOP4Bgurcvkdanxb,"https://m.media-amazon.com/images/M/MV5BNTBmZWJkNjctNDhiNC00MGE2LWEwOTctZTk5OGVhMWMyNmVhXkEyXkFqcGdeQXVyMTMxODk2OTU@._V1_SX300.jpg"
tt0119698,"Princess Mononoke",spotify:track:0KeqW4my39At2Ke1mVFYBF,"https://m.media-amazon.com/images/M/MV5BNTZkYmI0MmEtNGFlZC00OWZjLWFjMmItMjk1OWZkOWJiZGVjXkEyXkFqcGdeQXVyMTMxODk2OTU@._V1_SX300.jpg"
tt0045152,"Singin' in the Rain",spotify:track:5U3MkUWTpzj37A33GboDtv,"https://m.media-amazon.com/images/M/MV5BZDRjNGViMjQtOThlMi00MTA3LThkYzQtNzJkYjBkMGE0YzE1XkEyXkFqcGdeQXVyNDYyMDk5MTU@._V1_SX300.jpg"
tt0044741,"Ikiru",spotify:track:5snmZw1BYRi77GKdsQCwK4,"https://m.media-amazon.com/images/M/MV5BYWM1YmZkNTctZDAwNy00ZTY4LWFjMTktYzU4ZjViMmU1OTJmXkEyXkFqcGdeQXVyMTA0MTM5NjI2._V1_SX300.jpg"
tt0105236,"Reservoir Dogs",spotify:track:5dmlMfZajWNbUskAg9CN3V,"https://m.media-amazon.com/images/M/MV5BZmExNmEwYWItYmQzOS00YjA5LTk2MjktZjEyZDE1Y2QxNjA1XkEyXkFqcGdeQXVyMTQxNzMzNDI@._V1_SX300.jpg"
tt0053604,"The Apartment",spotify:track:5HDvC3BTH9aF5LIhC4l0cO,"https://m.media-amazon.com/images/M/MV5BNzkwODFjNzItMmMwNi00MTU5LWE2MzktM2M4ZDczZGM1MmViXkEyXkFqcGdeQXVyNDY2MTk1ODk@._V1_SX300.jpg"
tt0053125,"North by Northwest",spotify:track:56VdcKs9w2fbffoVTr75Pl,"https://m.media-amazon.com/images/M/MV5BZDA3NDExMTUtMDlhOC00MmQ5LWExZGUtYmI1NGVlZWI4OWNiXkEyXkFqcGdeQXVyNjc1NTYyMjg@._V1_SX300.jpg"
tt0033467,"Citizen Kane",spotify:track:2KhpShQWSkgnDq1fTr1k0E,"https://m.media-amazon.com/images/M/MV5BYjBiOTYxZWItMzdiZi00NjlkLWIzZTYtYmFhZjhiMTljOTdkXkEyXkFqcGdeQXVyNzkwMjQ5NzM@._V1_SX300.jpg"
tt0052357,"Vertigo",spotify:track:5OUPlIkpuBo1ynTm6j27XM,"https://m.media-amazon.com/images/M/MV5BYTE4ODEwZDUtNDFjOC00NjAxLWEzYTQtYTI1NGVmZmFlNjdiL2ltYWdlL2ltYWdlXkEyXkFqcGdeQXVyNjc1NTYyMjg@._V1_SX300.jpg"
tt0795421,"Mamma Mia!",spotify:track:6P4XyViJkq9QGEHtzfMIrH,"https://m.media-amazon.com/images/M/MV5BMTA2MDU0MjM0MzReQTJeQWpwZ15BbWU3MDYwNzgwNzE@._V1_SX300.jpg"
tt0036775,"Double Indemnity",spotify:track:3I0aggHqzpZE6QW0ZIr3wQ,"https://m.media-amazon.com/images/M/MV5BOTdlNjgyZGUtOTczYi00MDdhLTljZmMtYTEwZmRiOWFkYjRhXkEyXkFqcGdeQXVyNDY2MTk1ODk@._V1_SX300.jpg"
tt0036775,"Scarface",spotify:track:0H6rpW1xnJ8qRQwSrIADPE,"https://m.media-amazon.com/images/M/MV5BOTdlNjgyZGUtOTczYi00MDdhLTljZmMtYTEwZmRiOWFkYjRhXkEyXkFqcGdeQXVyNDY2MTk1ODk@._V1_SX300.jpg"
tt0211915,"Amélie",spotify:track:7MIN37CiVP1lVjqKNmLMWk,"https://m.media-amazon.com/images/M/MV5BNDg4NjM1YjMtYmNhZC00MjM0LWFiZmYtNGY1YjA3MzZmODc5XkEyXkFqcGdeQXVyNDk3NzU2MTQ@._V1_SX300.jpg"
tt0093058,"Full Metal Jacket",spotify:track:5MPIFviEeasmOBJXIGi13p,"https://m.media-amazon.com/images/M/MV5BNzkxODk0NjEtYjc4Mi00ZDI0LTgyYjEtYzc1NDkxY2YzYTgyXkEyXkFqcGdeQXVyNzkwMjQ5NzM@._V1_SX300.jpg"
tt0066921,"A Clockwork Orange",spotify:track:116bB0npdVx2eDvcwyF0Yz,"https://m.media-amazon.com/images/M/MV5BMTY3MjM1Mzc4N15BMl5BanBnXkFtZTgwODM0NzAxMDE@._V1_SX300.jpg"
tt0113277,"Heat",spotify:track:4AFOo2uS2IQcKeHgLzDJ4t,"https://m.media-amazon.com/images/M/MV5BYjZjNTJlZGUtZTE1Ny00ZDc4LTgwYjUtMzk0NDgwYzZjYTk1XkEyXkFqcGdeQXVyNjU0OTQ0OTY@._V1_SX300.jpg"
tt0070735,"The Sting",spotify:track:0qofZAij99vyO1ChfpX5ty,"https://m.media-amazon.com/images/M/MV5BNGU3NjQ4YTMtZGJjOS00YTQ3LThmNmItMTI5MDE2ODI3NzY3XkEyXkFqcGdeQXVyMjUzOTY1NTc@._V1_SX300.jpg"
tt0097576,"Indiana Jones and the Last Crusade",spotify:track:1PND3lqHZbABKKHHeyC61B,"https://m.media-amazon.com/images/M/MV5BY2Q0ODg4ZmItNDZiYi00ZWY5LTg2NzctNmYwZjA5OThmNzE1XkEyXkFqcGdeQXVyMjM4MzQ4OTQ@._V1_SX300.jpg"
tt8503618,"Hamilton",spotify:track:4TTV7EcfroSLWzXRY6gLv6,"https://m.media-amazon.com/images/M/MV5BNjViNWRjYWEtZTI0NC00N2E3LTk0NGQtMjY4NTM3OGNkZjY0XkEyXkFqcGdeQXVyMjUxMTY3ODM@._V1_SX300.jpg"
tt0208092,"Snatch",spotify:track:7aLmXsjSffnvXlsBrATTn9,"https://m.media-amazon.com/images/M/MV5BMTA2NDYxOGYtYjU1Mi00Y2QzLTgxMTQtMWI1MGI0ZGQ5MmU4XkEyXkFqcGdeQXVyNDk3NzU2MTQ@._V1_SX300.jpg"
tt0119488,"L.A. Confidential",spotify:track:2btohLccvXkiKqw81gjJv8,"https://m.media-amazon.com/images/M/MV5BMDQ2YzEyZGItYWRhOS00MjBmLTkzMDUtMTdjYzkyMmQxZTJlXkEyXkFqcGdeQXVyNjU0OTQ0OTY@._V1_SX300.jpg"
tt8579674,"1917",spotify:track:6TsRPIdwASJBXanGhftVjc,"https://m.media-amazon.com/images/M/MV5BOTdmNTFjNDEtNzg0My00ZjkxLTg1ZDAtZTdkMDc2ZmFiNWQ1XkEyXkFqcGdeQXVyNTAzNzgwNTg@._V1_SX300.jpg"
tt0075314,"Taxi Driver",spotify:track:5sCiNHz3k03xthriAS4uei,"https://m.media-amazon.com/images/M/MV5BM2M1MmVhNDgtNmI0YS00ZDNmLTkyNjctNTJiYTQ2N2NmYzc2XkEyXkFqcGdeQXVyNzkwMjQ5NzM@._V1_SX300.jpg"
tt0059578,"For a Few Dollars More",spotify:track:1aXxjgFceA1j68soTeGsu8,"https://m.media-amazon.com/images/M/MV5BMzJlZTNkYjQtMTE1OS00YTJlLTgxNjItYzg4NTllODdkMzBiXkEyXkFqcGdeQXVyMjUzOTY1NTc@._V1_SX300.jpg"
tt0372784,"Batman Begins",spotify:track:1N7LRc9YuyMjWKEkrmlogM,"https://m.media-amazon.com/images/M/MV5BOTY4YjI2N2MtYmFlMC00ZjcyLTg3YjEtMDQyM2ZjYzQ5YWFkXkEyXkFqcGdeQXVyMTQxNzMzNDI@._V1_SX300.jpg"
tt0993846,"The Wolf of Wall Street",spotify:track:74NXsnUfH4UAz8np3ZnndO,"https://m.media-amazon.com/images/M/MV5BMjIxMjgxNTk0MF5BMl5BanBnXkFtZTgwNjIyOTg2MDE@._V1_SX300.jpg"
tt0053291,"Some Like It Hot",spotify:track:6ltrM45X6NgoPsT3p2L3CT,"https://m.media-amazon.com/images/M/MV5BNzAyOGIxYjAtMGY2NC00ZTgyLWIwMWEtYzY0OWQ4NDFjOTc5XkEyXkFqcGdeQXVyNjU0OTQ0OTY@._V1_SX300.jpg"
tt6966692,"Green Book",spotify:track:0QPU2nWLgNp2ZrZNGKCLGb,"https://m.media-amazon.com/images/M/MV5BYzIzYmJlYTYtNGNiYy00N2EwLTk4ZjItMGYyZTJiOTVkM2RlXkEyXkFqcGdeQXVyODY1NDk1NjE@._V1_SX300.jpg"
tt10272386,"The Father",spotify:track:2JMHsSEwbSn1lfuYykjLyJ,"https://m.media-amazon.com/images/M/MV5BZGJhNWRiOWQtMjI4OS00ZjcxLTgwMTAtMzQ2ODkxY2JkOTVlXkEyXkFqcGdeQXVyMTkxNjUyNQ@@._V1_SX300.jpg"
tt0055031,"Judgment at Nuremberg",spotify:track:7uoOxx4c9aLNcDB8ZOoHx3,"https://m.media-amazon.com/images/M/MV5BNDc2ODQ5NTE2MV5BMl5BanBnXkFtZTcwODExMjUyNA@@._V1_SX300.jpg"
tt0042192,"All About Eve",spotify:track:0m32ArOUSdGlL2TYCe0p67,"https://m.media-amazon.com/images/M/MV5BYmE1M2Y3NTYtYTI0Mi00N2JlLTkzMzItOTY1MTlhNWNkMDgzXkEyXkFqcGdeQXVyMTUzMDUzNTI3._V1_SX300.jpg"
tt0120382,"The Truman Show",spotify:track:3AHW1jqr6s96iHedSdSumc,"https://m.media-amazon.com/images/M/MV5BMDIzODcyY2EtMmY2MC00ZWVlLTgwMzAtMjQwOWUyNmJjNTYyXkEyXkFqcGdeQXVyNDk3NzU2MTQ@._V1_SX300.jpg"
tt1130884,"Shutter Island",spotify:track:4YNXY7PrSRCum0MEx3vLMs,"https://m.media-amazon.com/images/M/MV5BYzhiNDkyNzktNTZmYS00ZTBkLTk2MDAtM2U0YjU1MzgxZjgzXkEyXkFqcGdeQXVyMTMxODk2OTU@._V1_SX300.jpg"
tt0469494,"There Will Be Blood",spotify:track:22NQdksEjd5Xu87tx2ZWB7,"https://m.media-amazon.com/images/M/MV5BMjAxODQ4MDU5NV5BMl5BanBnXkFtZTcwMDU4MjU1MQ@@._V1_SX300.jpg"
tt0112641,"Casino",spotify:track:7kyp9xrhWRoGKMTpvxUqeb,"https://m.media-amazon.com/images/M/MV5BMTcxOWYzNDYtYmM4YS00N2NkLTk0NTAtNjg1ODgwZjAxYzI3XkEyXkFqcGdeQXVyNTA4NzY1MzY@._V1_SX300.jpg"
tt0107290,"Jurassic Park ",spotify:track:2TZbQZXOuR8osP2AK8yYMN,"https://m.media-amazon.com/images/M/MV5BMjM2MDgxMDg0Nl5BMl5BanBnXkFtZTgwNTM2OTM5NDE@._V1_SX300.jpg"
tt0457430,"Pan's Labyrinth",spotify:track:6YP93uIF84IYHZHRyIG4gN,"https://m.media-amazon.com/images/M/MV5BYzFjMThiMGItOWRlMC00MDI4LThmOGUtYTNlZGZiYWI1YjMyXkEyXkFqcGdeQXVyMjUzOTY1NTc@._V1_SX300.jpg"
tt0266697," Kill Bill: Vol. 1",spotify:track:1s2I9Q7zAE78m7aVZOq3ug,"https://m.media-amazon.com/images/M/MV5BNzM3NDFhYTAtYmU5Mi00NGRmLTljYjgtMDkyODQ4MjNkMGY2XkEyXkFqcGdeQXVyNzkwMjQ5NzM@._V1_SX300.jpg"
tt0055630,"Yojimbo",spotify:track:2CsfHlO5hkN9S8XaHOxPBk,"https://m.media-amazon.com/images/M/MV5BZThiZjAzZjgtNDU3MC00YThhLThjYWUtZGRkYjc2ZWZlOTVjXkEyXkFqcGdeQXVyNTA4NzY1MzY@._V1_SX300.jpg"
tt0071853,"Monty Python and the Holy Grail",spotify:track:2blpdDQOOc47m2xNmeExF1,"https://m.media-amazon.com/images/M/MV5BN2IyNTE4YzUtZWU0Mi00MGIwLTgyMmQtMzQ4YzQxYWNlYWE2XkEyXkFqcGdeQXVyNjU0OTQ0OTY@._V1_SX300.jpg"
tt0057115,"The Great Escape",spotify:track:0dgVmL9sYlZz5kLHuJgBe1,"https://m.media-amazon.com/images/M/MV5BNzA2NmYxMWUtNzBlMC00MWM2LTkwNmQtYTFlZjQwODNhOWE0XkEyXkFqcGdeQXVyNTIzOTk5ODM@._V1_SX300.jpg"
tt0266543,"Finding Nemo",spotify:track:7jSQaXLzpLHjSQTev2krvT,"https://m.media-amazon.com/images/M/MV5BZmYxZjg3OWEtNzg5Yi00M2YzLWI1YzYtYTQ0NTgwNzhjN2E1XkEyXkFqcGdeQXVyNDUyOTg3Njg@._V1_SX300.jpg"
tt1392214,"Prisoners",spotify:track:6W7YVL1bxpEyenjYIQSc0a,"https://m.media-amazon.com/images/M/MV5BMTg0NTIzMjQ1NV5BMl5BanBnXkFtZTcwNDc3MzM5OQ@@._V1_SX300.jpg"
tt0347149,"Howl's Moving Castle",spotify:track:39uLYYZytVUwcjgeYLI409,"https://m.media-amazon.com/images/M/MV5BNmM4YTFmMmItMGE3Yy00MmRkLTlmZGEtMzZlOTQzYjk3MzA2XkEyXkFqcGdeQXVyMTMxODk2OTU@._V1_SX300.jpg"
tt0080678,"The Elephant Man",spotify:track:54ztuF8Goqkq2B2MPbpXvS,"https://m.media-amazon.com/images/M/MV5BMDVjNjIwOGItNDE3Ny00OThjLWE0NzQtZTU3YjMzZTZjMzhkXkEyXkFqcGdeQXVyMTQxNzMzNDI@._V1_SX300.jpg"
tt0071315,"Chinatown",spotify:track:4Zucyo10zPhTN0oIIn1i6U,"https://m.media-amazon.com/images/M/MV5BMjJkMDZhYzItZTFhMi00ZGI4LThlNTAtZDNlYmEwNjFkNDYzXkEyXkFqcGdeQXVyMjUzOTY1NTc@._V1_SX300.jpg"
tt0046912,"Dial M for Murder",spotify:track:6dIU82AnRSTCisN6iN295y,"https://m.media-amazon.com/images/M/MV5BOWIwODIxYWItZDI4MS00YzhhLWE3MmYtMzlhZDIwOTMzZmE5L2ltYWdlXkEyXkFqcGdeQXVyNjc1NTYyMjg@._V1_SX300.jpg"
tt0031381,"Gone with the Wind",spotify:track:6kucJsz2GR6oN8glzqGdTh,"https://m.media-amazon.com/images/M/MV5BYjUyZWZkM2UtMzYxYy00ZmQ3LWFmZTQtOGE2YjBkNjA3YWZlXkEyXkFqcGdeQXVyNzkwMjQ5NzM@._V1_SX300.jpg"
tt0120735,"Lock Stock and Two Smoking Barrels",spotify:track:5P2CWpIzIsjU8gxIy5Jtx8,"https://m.media-amazon.com/images/M/MV5BMTAyN2JmZmEtNjAyMy00NzYwLThmY2MtYWQ3OGNhNjExMmM4XkEyXkFqcGdeQXVyNDk3NzU2MTQ@._V1_SX300.jpg"
tt1305806,"The Secret in Their Eyes",spotify:track:1lCrmoQLEh3YDPIyiYrjt7,"https://m.media-amazon.com/images/M/MV5BMTgwNTI3OTczOV5BMl5BanBnXkFtZTcwMTM3MTUyMw@@._V1_SX300.jpg"
tt2096673,"Inside Out",spotify:track:3eTgg18rKBD30Hef1gv0wz,"https://m.media-amazon.com/images/M/MV5BOTgxMDQwMDk0OF5BMl5BanBnXkFtZTgwNjU5OTg2NDE@._V1_SX300.jpg"
tt0081398,"Raging Bull",spotify:track:2n09XPxUeJT3OYUJ4S76HS,"https://m.media-amazon.com/images/M/MV5BYjRmODkzNDItMTNhNi00YjJlLTg0ZjAtODlhZTM0YzgzYThlXkEyXkFqcGdeQXVyNzQ1ODk3MTQ@._V1_SX300.jpg"
tt10872600,"Spider-Man: No Way Home",spotify:track:0NkPI5RS4ECeAsRBOKBtQV,"https://m.media-amazon.com/images/M/MV5BZWMyYzFjYTYtNTRjYi00OGExLWE2YzgtOGRmYjAxZTU3NzBiXkEyXkFqcGdeQXVyMzQ0MzA0NTM@._V1_SX300.jpg"
tt0116282,"Fargo",spotify:track:0cNaoJ9IEZtMyhMXU5JRnX,"https://m.media-amazon.com/images/M/MV5BNDJiZDgyZjctYmRjMS00ZjdkLTkwMTEtNGU1NDg3NDQ0Yzk1XkEyXkFqcGdeQXVyNzkwMjQ5NzM@._V1_SX300.jpg"
tt0264464,"Catch Me If You Can",spotify:track:3GbBIl6O2XnYBJIxpQWIOG,"https://m.media-amazon.com/images/M/MV5BMTY5MzYzNjc5NV5BMl5BanBnXkFtZTYwNTUyNTc2._V1_SX300.jpg"
tt1205489,"Gran Torino",spotify:track:4LTdfb1CkA6zgL3M7v2mL9,"https://m.media-amazon.com/images/M/MV5BMTc5NTk2OTU1Nl5BMl5BanBnXkFtZTcwMDc3NjAwMg@@._V1_SX300.jpg"
tt0096283,"My Neighbor Totoro",spotify:track:4ZL0K5PGCBLvyzqHKdVtuL,"https://m.media-amazon.com/images/M/MV5BYzJjMTYyMjQtZDI0My00ZjE2LTkyNGYtOTllNGQxNDMyZjE0XkEyXkFqcGdeQXVyMTMxODk2OTU@._V1_SX300.jpg"
tt0405159,"Million Dollar Baby",spotify:track:5fn8pl2SmSD45eBGMnqys5,"https://m.media-amazon.com/images/M/MV5BMTkxNzA1NDQxOV5BMl5BanBnXkFtZTcwNTkyMTIzMw@@._V1_SX300.jpg"
tt1201607,"Harry Potter and the Deathly Hallows",spotify:track:3Ra4rkq1ExwPXwrPQeHBWg,"https://m.media-amazon.com/images/M/MV5BMGVmMWNiMDktYjQ0Mi00MWIxLTk0N2UtN2ZlYTdkN2IzNDNlXkEyXkFqcGdeQXVyODE5NzE3OTE@._V1_SX300.jpg"
tt2024544,"12 Years a Slave",spotify:track:0Sj6KPYSHnUr23655cg7gf,"https://m.media-amazon.com/images/M/MV5BMjExMTEzODkyN15BMl5BanBnXkFtZTcwNTU4NTc4OQ@@._V1_SX300.jpg"
tt0083658,"Blade Runner",spotify:track:7oJfIE0xEkSXrpMF5tTh0Q,"https://m.media-amazon.com/images/M/MV5BNzQzMzJhZTEtOWM4NS00MTdhLTg0YjgtMjM4MDRkZjUwZDBlXkEyXkFqcGdeQXVyNjU0OTQ0OTY@._V1_SX300.jpg"
tt0097165,"Dead Poets Society",spotify:track:3zfTO2ayCvrIGyVsOGIW8i,"https://m.media-amazon.com/images/M/MV5BOGYwYWNjMzgtNGU4ZC00NWQ2LWEwZjUtMzE1Zjc3NjY3YTU1XkEyXkFqcGdeQXVyMTQxNzMzNDI@._V1_SX300.jpg"
tt1392190,"Mad Max: Fury Road",spotify:track:0rljrAA4HuyJxO5Y4ksY4S,"https://m.media-amazon.com/images/M/MV5BN2EwM2I5OWMtMGQyMi00Zjg1LWJkNTctZTdjYTA4OGUwZjMyXkEyXkFqcGdeQXVyMTMxODk2OTU@._V1_SX300.jpg"
tt0015324,"Sherlock Jr.",spotify:track:1RT9Wj6g8fPyGubIt0MG3L,"https://m.media-amazon.com/images/M/MV5BZWFhOGU5NDctY2Q3YS00Y2VlLWI1NzEtZmIwY2ZiZjY4OTA2XkEyXkFqcGdeQXVyMDI2NDg0NQ@@._V1_SX300.jpg"
tt0041959,"The Third Man",spotify:track:7kixCGSpKVDPF7nOqfWQcx,"https://m.media-amazon.com/images/M/MV5BYjE2OTdhMWUtOGJlMy00ZDViLWIzZjgtYjZkZGZmMDZjYmEyXkEyXkFqcGdeQXVyNzkwMjQ5NzM@._V1_SX300.jpg"
tt0073195,"Jaws",spotify:track:0C5o6yIrcFab0YS3GUYwp9,"https://m.media-amazon.com/images/M/MV5BMmVmODY1MzEtYTMwZC00MzNhLWFkNDMtZjAwM2EwODUxZTA5XkEyXkFqcGdeQXVyNTAyODkwOQ@@._V1_SX300.jpg"
tt0892769,"How to Train Your Dragon",spotify:track:2QTDuJIGKUjR7E2Q6KupIh,"https://m.media-amazon.com/images/M/MV5BMjA5NDQyMjc2NF5BMl5BanBnXkFtZTcwMjg5ODcyMw@@._V1_SX300.jpg"
tt0395169,"Hotel Rwanda",spotify:track:5QQAklyPOsTJZZVsPDXvyx,"https://m.media-amazon.com/images/M/MV5BZGJjYmIzZmQtNWE4Yy00ZGVmLWJkZGEtMzUzNmQ4ZWFlMjRhXkEyXkFqcGdeQXVyMTMxODk2OTU@._V1_SX300.jpg"
tt0325980,"Pirates of the Caribbean: The Curse of the Black Pearl",spotify:track:08QaHlMPWuO5PUxjl61bXn,"https://m.media-amazon.com/images/M/MV5BNGYyZGM5MGMtYTY2Ni00M2Y1LWIzNjQtYWUzM2VlNGVhMDNhXkEyXkFqcGdeQXVyMTMxODk2OTU@._V1_SX300.jpg"
tt0092005,"Stand by Me",spotify:track:4VGJpjArjPngOWfEsZyu63,"https://m.media-amazon.com/images/M/MV5BODJmY2Y2OGQtMDg2My00N2Q3LWJmZTUtYTc2ODBjZDVlNDlhXkEyXkFqcGdeQXVyMTQxNzMzNDI@._V1_SX300.jpg"
tt0317705,"The Incredibles",spotify:track:59Djq0zGIu8HDZ8QXs2oiz,"https://m.media-amazon.com/images/M/MV5BMTY5OTU0OTc2NV5BMl5BanBnXkFtZTcwMzU4MDcyMQ@@._V1_SX300.jpg"
tt0758758,"Into the Wild",spotify:track:3bHhUEOTIbezeZ856R0BX5,"https://m.media-amazon.com/images/M/MV5BNjQ0ODlhMWUtNmUwMS00YjExLWI4MjQtNjVmMmE2Y2E0MGRmXkEyXkFqcGdeQXVyNDk3NzU2MTQ@._V1_SX300.jpg"
tt6777370,"The Merciless",spotify:track:6jnUQE6GYIX8SJ6nruZjNY,"https://m.media-amazon.com/images/M/MV5BNTQ1YjZmNzctNzc0MS00OGRkLWJhYTctOWU4YWNhMDhiNjJiXkEyXkFqcGdeQXVyNTAwNzc3ODg@._V1_SX300.jpg"
tt0035446,"To Be or Not to Be",spotify:track:4Y8ZKp06sl9Cli3T0SPyD2,"https://m.media-amazon.com/images/M/MV5BYTIwNDcyMjktMTczMy00NDM5LTlhNDEtMmE3NGVjOTM2YjQ3XkEyXkFqcGdeQXVyNjc0MzMzNjA@._V1_SX300.jpg"
tt0129167,"The Iron Giant",spotify:track:1VHs33EXcpiuiUwzj2NgXy,"https://m.media-amazon.com/images/M/MV5BYzBjZTNkMzQtZmNkOC00Yzk0LTljMjktZjk3YWVlZjY3NTk2XkEyXkFqcGdeQXVyMTUzMDUzNTI3._V1_SX300.jpg"
tt0317219,"Cars",spotify:track:6TXnGAr6DLVYshIrMeP0lZ,"https://m.media-amazon.com/images/M/MV5BMTg5NzY0MzA2MV5BMl5BanBnXkFtZTYwNDc3NTc2._V1_SX300.jpg"
tt0944947,"Game of Thrones",spotify:track:2q6fxAvSpqXR4jx9Ne7RGz,"https://m.media-amazon.com/images/M/MV5BN2IzYzBiOTQtNGZmMi00NDI5LTgxMzMtN2EzZjA1NjhlOGMxXkEyXkFqcGdeQXVyNjAwNDUxODI@._V1_SX300.jpg"
tt2084970,"The Imitation Game",spotify:track:0o9ivTBX7mjTnaUYF4Gk6t,"https://m.media-amazon.com/images/M/MV5BNjI3NjY1Mjg3MV5BMl5BanBnXkFtZTgwMzk5MDQ3MjE@._V1_SX300.jpg"
tt0241527,"Harry Potter and the Sorcerer's Stone",spotify:track:1n8NKQRg8LVHy7oUhUgbFF,"https://m.media-amazon.com/images/M/MV5BNmQ0ODBhMjUtNDRhOC00MGQzLTk5MTAtZDliODg5NmU5MjZhXkEyXkFqcGdeQXVyNDUyOTg3Njg@._V1_SX300.jpg"
tt1270798,"X-Men: First Class",spotify:track:5IWmdl33NNTLsKlLT6WSlh,"https://m.media-amazon.com/images/M/MV5BMTg5OTMxNzk4Nl5BMl5BanBnXkFtZTcwOTk1MjAwNQ@@._V1_SX300.jpg"
tt0796366,"Star Trek",spotify:track:6fVX8mF9ZqS1V8G2ZFCbLQ,"https://m.media-amazon.com/images/M/MV5BMjE5NDQ5OTE4Ml5BMl5BanBnXkFtZTcwOTE3NDIzMw@@._V1_SX300.jpg"
tt0126029,"Shrek",spotify:track:1e3hPMCGrwPXYZ1DQhsiCE,"https://m.media-amazon.com/images/M/MV5BOGZhM2FhNTItODAzNi00YjA0LWEyN2UtNjJlYWQzYzU1MDg5L2ltYWdlL2ltYWdlXkEyXkFqcGdeQXVyMTQxNzMzNDI@._V1_SX300.jpg"
tt0418279,"Transformers",spotify:track:4tg3hSmrBwoul3VpjS66VU,"https://m.media-amazon.com/images/M/MV5BNWI1NjkxM2MtOTU4My00YzQ5LTliNGMtNmFlM2U5NWM3MDY1XkEyXkFqcGdeQXVyNTUyMzE4Mzg@._V1_SX300.jpg"
tt2094766,"Assassin's Creed",spotify:track:6enLk2V2s0M6D6PGLjHxYv,"https://m.media-amazon.com/images/M/MV5BNWVhNDY1MzQtZjAyMi00NDIwLWIzMjktN2RlZTI4M2EyMzQzXkEyXkFqcGdeQXVyMTM0NTUzNDIy._V1_SX300.jpg"
tt3581920,"The Last of Us",spotify:track:285ieonEuLkll3zknYK2TY,"https://m.media-amazon.com/images/M/MV5BZGUzYTI3M2EtZmM0Yy00NGUyLWI4ODEtN2Q3ZGJlYzhhZjU3XkEyXkFqcGdeQXVyNTM0OTY1OQ@@._V1_SX300.jpg"
tt0120623,"A Bug's Life",spotify:track:407YIDqsL4S3ZJ2BOFg4P0,"https://m.media-amazon.com/images/M/MV5BNThmZGY4NzgtMTM4OC00NzNkLWEwNmEtMjdhMGY5YTc1NDE4XkEyXkFqcGdeQXVyMTQxNzMzNDI@._V1_SX300.jpg"
tt5180504,"The Witcher",spotify:track:5tmhUzJuP7XwqCHglyqnt8,"https://m.media-amazon.com/images/M/MV5BMDEwOWVlY2EtMWI0ZC00OWVmLWJmZGItYTk3YjYzN2Y0YmFkXkEyXkFqcGdeQXVyMTUzMTg2ODkz._V1_SX300.jpg"
tt1464335,"Uncharted",spotify:track:3uzQC9S17ShcnURJlQfR14,"https://m.media-amazon.com/images/M/MV5BMWEwNjhkYzYtNjgzYy00YTY2LThjYWYtYzViMGJkZTI4Y2MyXkEyXkFqcGdeQXVyNTM0OTY1OQ@@._V1_SX300.jpg"
tt2015381,"Guardians of the Galaxy",spotify:track:35RaFNWvYLgutIP2sO8axR,"https://m.media-amazon.com/images/M/MV5BNDIzMTk4NDYtMjg5OS00ZGI0LWJhZDYtMzdmZGY1YWU5ZGNkXkEyXkFqcGdeQXVyMTI5NzUyMTIz._V1_SX300.jpg"
tt4574334,"Stranger Things",spotify:track:0kwuKfWntoGh0EWyYb7Mpf,"https://m.media-amazon.com/images/M/MV5BMDZkYmVhNjMtNWU4MC00MDQxLWE3MjYtZGMzZWI1ZjhlOWJmXkEyXkFqcGdeQXVyMTkxNjUyNQ@@._V1_SX300.jpg"
tt1217209,"Brave",spotify:track:56Gt31TqVq2sDPhwnx77Tx,"https://m.media-amazon.com/images/M/MV5BMzgwODk3ODA1NF5BMl5BanBnXkFtZTcwNjU3NjQ0Nw@@._V1_SX300.jpg"
tt2713180,"Fury",spotify:track:4cnjW83kyOTjcEvSbKzy8N,"https://m.media-amazon.com/images/M/MV5BMjA4MDU0NTUyN15BMl5BanBnXkFtZTgwMzQxMzY4MjE@._V1_SX300.jpg"
tt1663668,"Red Dead Redemption: The Man from Blackwater",spotify:track:2cnhi0n4UMWCXQIEaVjnm5,"https://m.media-amazon.com/images/M/MV5BMjYxZjU5YzEtNzdiYS00Nzc4LWEyYjMtZTA4ZDBhNTk5ZjRiXkEyXkFqcGdeQXVyNjkyMTM0ODY@._V1_SX300.jpg"
tt0368891,"National Treasure",spotify:track:11XIHh9swp12kTicaPz7dX,"https://m.media-amazon.com/images/M/MV5BMTY3NTc4OTYxMF5BMl5BanBnXkFtZTcwMjk5NzUyMw@@._V1_SX300.jpg"
tt0381061,"Casino Royale",spotify:track:52cYivJcryreRplexrYTlC,"https://m.media-amazon.com/images/M/MV5BYmI3MmMzMGMtNzc4Ni00YWQ4LWFkMDYtNjVlOWU3ZGZiNjY1XkEyXkFqcGdeQXVyNDQ2MTMzODA@._V1_SX300.jpg"
tt5675620,"The Punisher",spotify:track:0rSJtqCSAkhKORRpJlk7pL,"https://m.media-amazon.com/images/M/MV5BZDYzODRjNTYtNmVmYy00NTJjLTk3NzQtZjQ5Y2Y1YmIzMzZhXkEyXkFqcGdeQXVyMTY4NTMxNTcx._V1_SX300.jpg"
tt0383216,"The Pink Panther",spotify:track:1QPRmX2e3EZWskuOe5QqxM,"https://m.media-amazon.com/images/M/MV5BNGI2MjVlNzEtZDg1ZS00MGU1LWFhNTQtNzMwZDViOWRkNzhkXkEyXkFqcGdeQXVyNTIzOTk5ODM@._V1_SX300.jpg"
tt0903747,"Breaking Bad",spotify:track:2hsLpiKNkWpd4e9QuVdhar,"https://m.media-amazon.com/images/M/MV5BYmQ4YWMxYjUtNjZmYi00MDQ1LWFjMjMtNjA5ZDdiYjdiODU5XkEyXkFqcGdeQXVyMTMzNDExODE5._V1_SX300.jpg"
tt0955308,"Robin Hood",spotify:track:4770Uxb9Eq4W91q73A4CpL,"https://m.media-amazon.com/images/M/MV5BMTM5NzcwMzEwOF5BMl5BanBnXkFtZTcwNjg5MTgwMw@@._V1_SX300.jpg"
tt0479952,"Madagascar: Escape 2 Africa",spotify:track:0pmJVAfRvW6bGSa1P1YWWa,"https://m.media-amazon.com/images/M/MV5BMjExMDA4NDcwMl5BMl5BanBnXkFtZTcwODAxNTQ3MQ@@._V1_SX300.jpg"
tt0441773,"Kung Fu Panda",spotify:track:0goTpzBVsTQeFc4CeJU5pZ,"https://m.media-amazon.com/images/M/MV5BODJkZTZhMWItMDI3Yy00ZWZlLTk4NjQtOTI1ZjU5NjBjZTVjXkEyXkFqcGdeQXVyODE5NzE3OTE@._V1_SX300.jpg"
tt0363771,"The Chronicles of Narnia",spotify:track:2lda3NIlkKYkZsU5eai2Ve,"https://m.media-amazon.com/images/M/MV5BMTc0NTUwMTU5OV5BMl5BanBnXkFtZTcwNjAwNzQzMw@@._V1_SX300.jpg"
tt1856010,"House of Cards",spotify:track:51pqlgzFBtqcRmb1CKdc56,"https://m.media-amazon.com/images/M/MV5BNmM4ODU1MzItODYyYi00Y2U0LWFjZjItYTRhZWIwOGMyZTRhXkEyXkFqcGdeQXVyNjc2NTQ4Nzk@._V1_SX300.jpg"
tt3322312,"Daredevil",spotify:track:4t20umh0eSuYstasrSl2HV,"https://m.media-amazon.com/images/M/MV5BODcwOTg2MDE3NF5BMl5BanBnXkFtZTgwNTUyNTY1NjM@._V1_SX300.jpg"
tt10611608,"The Cuphead Show",spotify:track:2ufr0Gs4OWL1Uo22EsJDSx,"https://m.media-amazon.com/images/M/MV5BZmI5MTNhMzQtZDZiNC00YjVkLTlkZGEtOWRlMjQ0MjdjMjMxXkEyXkFqcGdeQXVyNjI4NDY5ODM@._V1_SX300.jpg"
tt0417299,"Avatar: The Last Airbender",spotify:track:4SsnLHchCwH2DdQwDw9lDm,"https://m.media-amazon.com/images/M/MV5BODc5YTBhMTItMjhkNi00ZTIxLWI0YjAtNTZmOTY0YjRlZGQ0XkEyXkFqcGdeQXVyODUwNjEzMzg@._V1_SX300.jpg"
tt2953050,"Encanto",spotify:track:760jhRscwGbIIe1m1IIQpU,"https://m.media-amazon.com/images/M/MV5BNjE5NzA4ZDctOTJkZi00NzM0LTkwOTYtMDI4MmNkMzIxODhkXkEyXkFqcGdeQXVyNjY1MTg4Mzc@._V1_SX300.jpg"
tt2953050,"Encanto",spotify:track:52xJxFP6TqMuO4Yt0eOkMz,"https://m.media-amazon.com/images/M/MV5BNjE5NzA4ZDctOTJkZi00NzM0LTkwOTYtMDI4MmNkMzIxODhkXkEyXkFqcGdeQXVyNjY1MTg4Mzc@._V1_SX300.jpg"
tt1517268,"Barbie",spotify:track:6wf7Yu7cxBSPrRlWeSeK0Q,"https://m.media-amazon.com/images/M/MV5BNjU3N2QxNzYtMjk1NC00MTc4LTk1NTQtMmUxNTljM2I0NDA5XkEyXkFqcGdeQXVyODE5NzE3OTE@._V1_SX300.jpg"
tt1517268,"Barbie",spotify:track:1vYXt7VSjH9JIM5oRRo7vA,"https://m.media-amazon.com/images/M/MV5BNjU3N2QxNzYtMjk1NC00MTc4LTk1NTQtMmUxNTljM2I0NDA5XkEyXkFqcGdeQXVyODE5NzE3OTE@._V1_SX300.jpg"
tt11126994,"Arcane",spotify:track:1r9xUipOqoNwggBpENDsvJ,"https://m.media-amazon.com/images/M/MV5BYmU5OWM5ZTAtNjUzOC00NmUyLTgyOWMtMjlkNjdlMDAzMzU1XkEyXkFqcGdeQXVyMDM2NDM2MQ@@._V1_SX300.jpg"
tt1392170,"The Hunger Games",spotify:track:56xHMIfQPoe0prrSi3BGhf,"https://m.media-amazon.com/images/M/MV5BMjA4NDg3NzYxMF5BMl5BanBnXkFtZTcwNTgyNzkyNw@@._V1_SX300.jpg"
tt10545296,"The Hunger Games: The Ballad of Songbirds & Snakes",spotify:track:56xHMIfQPoe0prrSi3BGhf,"https://m.media-amazon.com/images/M/MV5BOTZmMmY2MzctMjU2Yy00YjJlLTk1NjAtY2U4MmMxOWZkZWY4XkEyXkFqcGdeQXVyMjM4NTM5NDY@._V1_SX300.jpg"
tt2382320,"No Time to Die",spotify:track:73SpzrcaHk0RQPFP73vqVR,"https://m.media-amazon.com/images/M/MV5BYWQ2NzQ1NjktMzNkNS00MGY1LTgwMmMtYTllYTI5YzNmMmE0XkEyXkFqcGdeQXVyMjM4NTM5NDY@._V1_SX300.jpg"
tt7713068,"Birds of Prey",spotify:track:0kEzNFvi5ZOlwn6ly5DR8i,"https://m.media-amazon.com/images/M/MV5BMzQ3NTQxMjItODBjYi00YzUzLWE1NzQtZTBlY2Y2NjZlNzkyXkEyXkFqcGdeQXVyMTkxNjUyNQ@@._V1_SX300.jpg"
tt1630029,"Avatar: The Way of Water",spotify:track:1DzJbVkBELu6jDu6q0T0tk,"https://m.media-amazon.com/images/M/MV5BYjhiNjBlODctY2ZiOC00YjVlLWFlNzAtNTVhNzM1YjI1NzMxXkEyXkFqcGdeQXVyMjQxNTE1MDA@._V1_SX300.jpg"
tt1679335,"Trolls",spotify:track:5EZqxU1tVxTAHcHkCLb2gz,"https://m.media-amazon.com/images/M/MV5BMTkxNDc3OTcxMV5BMl5BanBnXkFtZTgwODk2NjAzOTE@._V1_SX300.jpg"
tt3783958,"La La Land",spotify:track:4ZXfOf3algtK5VfCzcyvSi,"https://m.media-amazon.com/images/M/MV5BMzUzNDM2NzM2MV5BMl5BanBnXkFtZTgwNTM3NTg4OTE@._V1_SX300.jpg"
tt1114677,"Hannah Montana: The Movie",spotify:track:12wSL3tGk3MtbDEhfG7xy3,"https://m.media-amazon.com/images/M/MV5BMTkxNjUxODY3NF5BMl5BanBnXkFtZTcwMjQyMzMzMg@@._V1_SX300.jpg"
tt0206512,"SpongeBob SquarePants",spotify:track:7yesZrAOvMYmVVkEzSF13g,"https://m.media-amazon.com/images/M/MV5BNTk2NzEyNTQtZTQ5MS00MjAyLTgzMDMtNDNkYTBkM2M2OTU3XkEyXkFqcGdeQXVyODUwNjEzMzg@._V1_SX300.jpg"
tt0119282,"Hercules",spotify:track:0D1OY0M5A0qD5HGBvFmFid,"https://m.media-amazon.com/images/M/MV5BZDcwYjEyNWItMGI1Mi00MjI1LWIyMDEtMTQ4YjhkNjM4NDU3XkEyXkFqcGdeQXVyNDUyOTg3Njg@._V1_SX300.jpg"
tt0063518,"Romeo and Juliet",spotify:track:0Urcce3h1LdS8bLDgHRJ2q,"https://m.media-amazon.com/images/M/MV5BM2I5ZDRhMjMtNzVmMy00YTExLWJiZjktODdjMjM0ZDYyY2ZjXkEyXkFqcGdeQXVyMjUzOTY1NTc@._V1_SX300.jpg"
tt0108160,"Sleepless in Seattle",spotify:track:0DpTpRW8bGr84RVM8Dz7zI,"https://m.media-amazon.com/images/M/MV5BNWY1MDJkZGUtZTE2OS00ODZiLTlmNzQtMDZjNzM2ZjkwM2QxXkEyXkFqcGdeQXVyMTMxODk2OTU@._V1_SX300.jpg"
tt0054698,"Breakfast at Tiffany's",spotify:track:3GKVVfBXY3WVZNkeGEETmg,"https://m.media-amazon.com/images/M/MV5BNGEwMTRmZTQtMDY4Ni00MTliLTk5ZmMtOWMxYWMyMTllMDg0L2ltYWdlL2ltYWdlXkEyXkFqcGdeQXVyNjc1NTYyMjg@._V1_SX300.jpg"
tt1099212,"Twilight",spotify:track:3UAfuQnBA9wYAKkSY3trQd,"https://m.media-amazon.com/images/M/MV5BMTQ2NzUxMTAxN15BMl5BanBnXkFtZTcwMzEyMTIwMg@@._V1_SX300.jpg"
tt1010048,"Slumdog Millionaire",spotify:track:0WM6DqJuOlxALExnSzn7u0,"https://m.media-amazon.com/images/M/MV5BZmNjZWI3NzktYWI1Mi00OTAyLWJkNTYtMzUwYTFlZDA0Y2UwXkEyXkFqcGdeQXVyNjU0OTQ0OTY@._V1_SX300.jpg"
tt0360717,"King Kong",spotify:track:6OpG9cWAivVhRfKktz7Eub,"https://m.media-amazon.com/images/M/MV5BMjYxYmRlZWYtMzAwNC00MDA1LWJjNTItOTBjMzlhNGMzYzk3XkEyXkFqcGdeQXVyMTQxNzMzNDI@._V1_SX300.jpg"
tt0065874,"I Walk the Line",spotify:track:09NULllH7h5N2uIZ895sQB,"https://m.media-amazon.com/images/M/MV5BMjAzMzBhNGUtM2VjMi00ZWZiLWIyZjItNjEwMDY4ZDAxMmViXkEyXkFqcGdeQXVyNjc1NTYyMjg@._V1_SX300.jpg"
tt0106179,"The X-Files",spotify:track:0eURvkrWRHNR0dVTmlJ04l,"https://m.media-amazon.com/images/M/MV5BZDA0MmM4YzUtMzYwZC00OGI2LWE0ODctNzNhNTkwN2FmNTVhXkEyXkFqcGdeQXVyNTA4NzY1MzY@._V1_SX300.jpg"
tt0367594,"Charlie and the Chocolate Factory",spotify:track:2CUbhq65q9L3CiaDc7pTYj,"https://m.media-amazon.com/images/M/MV5BNjcxMjg1Njg2NF5BMl5BanBnXkFtZTcwMjQ4NzMzMw@@._V1_SX300.jpg"
tt0063729,"Twisted Nerve",spotify:track:6CcNjulvW9XS3zCiAVSokW,"https://m.media-amazon.com/images/M/MV5BZmMxODhlODQtNGViMy00MDRjLWJjMjktOTNiNmU5YTE2NGE3XkEyXkFqcGdeQXVyNjc1NTYyMjg@._V1_SX300.jpg"
tt0332280,"The Notebook",spotify:track:06xNkl12TrxwGYrwTGlUUd,"https://m.media-amazon.com/images/M/MV5BNzc3Mzg1OGYtZjc3My00Y2NhLTgyOWUtYjRhMmI4OTkwNDg4XkEyXkFqcGdeQXVyMTU3NDU4MDg2._V1_SX300.jpg"
tt0377092,"Mean Girls",spotify:track:4BtaPciwVOkH7eFC59i27G,"https://m.media-amazon.com/images/M/MV5BMjE1MDQ4MjI1OV5BMl5BanBnXkFtZTcwNzcwODAzMw@@._V1_SX300.jpg"
tt0467406,"Juno",spotify:track:5sIBOrRLBI6ypREdEPj2wQ,"https://m.media-amazon.com/images/M/MV5BMTIwMDgwODc5Nl5BMl5BanBnXkFtZTYwMjQzMDM4._V1_SX300.jpg"
tt0250494,"Legally Blonde",spotify:track:2av1BBGdN9DW1u7rvoRhMM,"https://m.media-amazon.com/images/M/MV5BNTEyNjUwMTkxMV5BMl5BanBnXkFtZTcwNjk0NDk0NA@@._V1_SX300.jpg"
tt1457767,"The Conjuring",spotify:track:7eIcp5Uw6w6Qd1iCmcTECM,"https://m.media-amazon.com/images/M/MV5BMTM3NjA1NDMyMV5BMl5BanBnXkFtZTcwMDQzNDMzOQ@@._V1_SX300.jpg"
tt1591095,"Insidious",spotify:track:1Vchex0xowRj9k59RLvRfo,"https://m.media-amazon.com/images/M/MV5BMTYyOTAxMDA0OF5BMl5BanBnXkFtZTcwNzgwNTc1NA@@._V1_SX300.jpg"
tt2404435,"The Magnificent Seven",spotify:track:0lEtONdoCJJwUfmXUS2Zmk,"https://m.media-amazon.com/images/M/MV5BMTUzNTc0NTAyM15BMl5BanBnXkFtZTgwMTk1ODA5OTE@._V1_SX300.jpg"
tt0099785,"Home Alone",spotify:track:1FlxqJmoZWS2q1uRlyZVur,"https://m.media-amazon.com/images/M/MV5BMzFkM2YwOTQtYzk2Mi00N2VlLWE3NTItN2YwNDg1YmY0ZDNmXkEyXkFqcGdeQXVyMTMxODk2OTU@._V1_SX300.jpg"
tt0213149,"Pearl Harbor",spotify:track:2O0UWIMFeMtFR0LJMuIPjJ,"https://m.media-amazon.com/images/M/MV5BMTQ3MDc0MDc1NF5BMl5BanBnXkFtZTYwODI1ODY2._V1_SX300.jpg"
tt0099487,"Edward Scissorhands",spotify:track:55n2WpwjQnIM1lvmxkzllb,"https://m.media-amazon.com/images/M/MV5BMWY2MGRkNjgtZDczNi00YWJjLTkwNmUtMTY0NTE5ZDhkZjgwXkEyXkFqcGdeQXVyMjUzOTY1NTc@._V1_SX300.jpg"
tt4154664,"Captain Marvel",spotify:track:4CQ8uwWfH9hDCbwj4PUs58,"https://m.media-amazon.com/images/M/MV5BMTE0YWFmOTMtYTU2ZS00ZTIxLWE3OTEtYTNiYzBkZjViZThiXkEyXkFqcGdeQXVyODMzMzQ4OTI@._V1_SX300.jpg"